3975.png | false
1804.png | false
1186.png | false
412.png | true
3949.png | false
1179.png | false
2470.png | true
2316.png | false
3008.png | false
2302.png | true
3034.png | false
2869.png | false
638.png | true
88.png | false
610.png | true
1390.png | true
2841.png | false
4203.png | false
3578.png | false
3550.png | false
3544.png | true
1435.png | false
3222.png | true
994.png | false
764.png | false
2935.png | false
1582.png | true
2060.png | false
957.png | false
2074.png | false
1555.png | false
2048.png | true
4439.png | false
3801.png | false
228.png | false
566.png | true
3183.png | false
214.png | true
2289.png | false
4175.png | false
2510.png | false
2538.png | false
1031.png | false
1757.png | false
3154.png | true
3155.png | true
1030.png | false
4148.png | false
2539.png | false
4174.png | false
2263.png | false
2288.png | false
1795.png | false
3182.png | false
3800.png | false
1971.png | false
3431.png | false
1554.png | false
3425.png | false
2713.png | true
4362.png | false
2075.png | true
2061.png | false
2934.png | false
771.png | false
1583.png | true
3545.png | false
3223.png | false
1434.png | false
3551.png | false
2897.png | true
3579.png | true
188.png | false
2840.png | false
1391.png | false
163.png | false
177.png | false
2868.png | false
3035.png | false
2303.png | true
2471.png | false
4000.png | true
1178.png | false
3009.png | true
2317.png | false
407.png | false
3948.png | false
413.png | false
1187.png | false
375.png | false
3974.png | false
3786.png | true
405.png | true
1185.png | false
2301.png | false
2315.png | false
2473.png | false
1620.png | false
3037.png | false
161.png | false
1393.png | true
2842.png | false
3584.png | false
3590.png | true
613.png | false
175.png | false
60.png | true
2665.png | true
4214.png | false
74.png | false
1436.png | true
3221.png | false
4228.png | false
808.png | false
3553.png | false
997.png | false
3396.png | false
1581.png | false
2936.png | false
767.png | false
2077.png | false
3369.png | true
4360.png | false
3433.png | false
968.png | true
3427.png | false
3341.png | false
1973.png | false
3802.png | false
571.png | false
217.png | false
1797.png | false
1768.png | false
2507.png | false
4176.png | false
3619.png | true
3157.png | false
3156.png | true
1769.png | false
3618.png | false
4177.png | false
2506.png | false
1796.png | false
1972.png | false
558.png | true
3803.png | false
3426.png | false
3340.png | false
969.png | false
3432.png | false
941.png | false
799.png | false
3368.png | true
2076.png | false
4361.png | false
955.png | false
1580.png | false
3397.png | false
2937.png | false
772.png | false
3552.png | false
49.png | true
3220.png | false
1437.png | true
3546.png | false
4229.png | false
2658.png | true
2664.png | false
174.png | false
160.png | true
606.png | false
1392.png | false
148.png | false
3036.png | false
1147.png | false
1153.png | true
389.png | true
2472.png | true
2300.png | true
1609.png | false
3793.png | false
410.png | false
1184.png | false
3787.png | false
3797.png | true
372.png | false
1816.png | false
3973.png | false
1802.png | false
1157.png | false
399.png | true
3768.png | false
1396.png | false
3581.png | false
164.png | false
616.png | false
158.png | false
1433.png | false
1427.png | false
1341.png | false
2648.png | false
1369.png | false
2660.png | false
4211.png | false
3218.png | false
2112.png | false
4205.png | false
71.png | false
2933.png | false
1584.png | true
2927.png | false
3436.png | true
1221.png | false
1547.png | false
1553.png | false
979.png | false
2714.png | false
4417.png | false
2700.png | false
3191.png | true
4198.png | true
574.png | false
560.png | false
3185.png | false
1792.png | false
548.png | false
1976.png | false
3620.png | false
1037.png | false
3146.png | true
2258.png | true
4167.png | true
2264.png | true
4172.png | false
2265.png | false
3609.png | false
1036.png | false
2259.png | false
3147.png | false
3153.png | false
3184.png | false
3190.png | false
1787.png | true
4199.png | false
4416.png | false
944.png | false
2715.png | false
788.png | true
2073.png | false
1552.png | true
1220.png | false
1546.png | false
2926.png | true
2932.png | false
777.png | false
1585.png | false
2113.png | false
4204.png | false
4210.png | false
2661.png | true
1368.png | true
3219.png | false
1426.png | false
2649.png | false
1340.png | false
818.png | false
3543.png | true
1432.png | false
159.png | false
171.png | true
3580.png | false
603.png | false
1397.png | false
1156.png | false
429.png | true
3972.png | true
1803.png | false
1817.png | false
3796.png | false
415.png | false
1183.png | false
3794.png | true
1801.png | true
3970.png | false
3757.png | false
1154.png | false
2475.png | false
2688.png | false
167.png | true
1395.png | false
99.png | false
3582.png | false
1342.png | false
1430.png | false
8.png | false
2139.png | false
2677.png | true
4206.png | false
72.png | false
2111.png | false
198.png | false
66.png | false
2663.png | false
4212.png | false
761.png | false
775.png | false
991.png | false
749.png | false
3347.png | false
1550.png | true
1544.png | false
3435.png | false
1222.png | false
1578.png | false
952.png | false
2717.png | true
3186.png | false
1791.png | false
563.png | false
577.png | true
211.png | false
3192.png | true
1975.png | false
2529.png | false
3179.png | true
2267.png | false
1008.png | false
4170.png | false
2266.png | true
3178.png | true
4171.png | false
1009.png | true
1035.png | true
238.png | false
1974.png | false
3193.png | false
1790.png | false
3187.png | false
2716.png | false
947.png | false
1545.png | false
1223.png | false
3434.png | false
1551.png | false
774.png | true
4213.png | false
2662.png | false
4207.png | false
2110.png | false
1419.png | false
2138.png | false
9.png | false
3554.png | false
166.png | true
3583.png | true
600.png | true
1394.png | false
172.png | false
2474.png | true
1155.png | false
1800.png | false
3971.png | false
402.png | false
1828.png | true
3795.png | false
416.png | false
317.png | false
3094.png | true
465.png | false
2375.png | false
2413.png | true
2361.png | false
2349.png | false
1640.png | true
1126.png | false
1132.png | false
897.png | false
883.png | false
3282.png | false
854.png | true
2605.png | false
698.png | false
868.png | false
3241.png | true
1456.png | false
707.png | false
3484.png | false
2956.png | false
920.png | false
4472.png | true
2017.png | false
3309.png | false
4300.png | false
934.png | true
1250.png | false
1522.png | false
1244.png | false
908.png | false
2995.png | false
1913.png | false
3862.png | false
3876.png | true
2598.png | false
1091.png | false
1708.png | false
2567.png | true
4116.png | false
3679.png | true
3123.png | false
1734.png | false
2229.png | true
2228.png | false
1735.png | true
1709.png | true
4117.png | false
2566.png | true
1090.png | true
2599.png | false
3877.png | false
1912.png | false
3863.png | false
1523.png | false
2994.png | false
1245.png | true
1251.png | true
3308.png | false
2016.png | false
4301.png | false
712.png | false
2957.png | true
3491.png | false
3485.png | false
706.png | false
1457.png | true
2604.png | false
100.png | true
2837.png | false
114.png | true
1133.png | false
1641.png | false
2348.png | false
1127.png | false
1669.png | false
2360.png | true
2412.png | false
3095.png | false
470.png | true
3917.png | false
328.png | false
1864.png | false
1694.png | true
472.png | false
1680.png | false
314.png | false
3097.png | true
2362.png | false
2410.png | false
1119.png | false
2376.png | true
3068.png | true
4049.png | true
1125.png | false
1643.png | false
880.png | false
2809.png | false
4288.png | false
1496.png | false
3281.png | false
857.png | false
17.png | false
4263.png | false
3524.png | false
3242.png | false
1455.png | false
3530.png | false
738.png | false
3493.png | false
704.png | false
3487.png | false
2772.png | false
2014.png | true
2000.png | false
4471.png | false
923.png | false
3478.png | false
1247.png | false
2996.png | true
3336.png | false
1521.png | true
1253.png | false
3875.png | false
3861.png | true
1092.png | false
506.png | false
2570.png | true
4115.png | true
3134.png | false
1737.png | true
3647.png | false
2559.png | false
1736.png | true
4114.png | false
2565.png | false
2203.png | false
1093.png | true
261.png | false
275.png | true
513.png | false
3860.png | false
1911.png | false
249.png | true
1252.png | false
1246.png | false
3337.png | false
4470.png | false
2001.png | true
936.png | false
2773.png | true
4302.png | false
2015.png | false
3486.png | false
711.png | false
3492.png | false
739.png | false
3531.png | false
3525.png | false
3243.png | false
4262.png | true
117.png | false
4289.png | false
3280.png | false
103.png | false
2808.png | false
659.png | false
3733.png | false
1124.png | false
1642.png | false
3727.png | false
1118.png | false
2411.png | true
4060.png | false
3069.png | false
2377.png | false
2363.png | false
473.png | false
3096.png | false
315.png | true
301.png | false
329.png | false
1849.png | true
311.png | false
339.png | false
1134.png | false
3737.png | false
2415.png | false
1487.png | false
649.png | true
3521.png | false
2603.png | true
2617.png | true
4266.png | false
2171.png | false
1281.png | false
701.png | true
1295.png | false
1524.png | false
1242.png | false
2993.png | true
3455.png | true
2987.png | true
4448.png | false
1518.png | true
2777.png | true
926.png | false
1097.png | true
503.png | false
1915.png | false
259.png | true
4138.png | false
1040.png | false
3131.png | false
3125.png | false
3643.png | false
2207.png | true
1068.png | false
2206.png | false
1069.png | false
3124.png | true
3642.png | false
4139.png | false
3130.png | false
1914.png | false
264.png | false
516.png | false
1519.png | false
933.png | true
2776.png | false
2986.png | false
4449.png | false
1531.png | false
1525.png | false
2992.png | true
1243.png | false
2979.png | false
728.png | false
700.png | true
714.png | false
1280.png | false
4267.png | false
1479.png | false
2170.png | false
4273.png | false
2602.png | false
3252.png | false
3246.png | false
3520.png | false
1337.png | false
648.png | false
1486.png | false
106.png | true
489.png | false
2414.png | false
3736.png | false
1135.png | false
3911.png | false
476.png | false
462.png | false
1848.png | false
304.png | false
3087.png | true
312.png | false
1692.png | false
3913.png | true
1862.png | true
1876.png | true
3734.png | true
3708.png | false
4073.png | false
1490.png | true
2199.png | false
886.png | false
3250.png | false
2628.png | false
4259.png | false
879.png | false
3522.png | true
3244.png | false
2172.png | false
851.png | false
11.png | false
4265.png | false
1309.png | false
3495.png | true
1282.png | false
3456.png | false
3318.png | false
2760.png | false
2774.png | true
931.png | false
500.png | true
272.png | false
2589.png | false
1916.png | false
3640.png | false
3126.png | false
2238.png | false
3132.png | true
2204.png | false
3668.png | false
3669.png | false
2205.png | false
3133.png | false
3641.png | false
3127.png | false
2588.png | true
267.png | false
930.png | true
2775.png | false
2013.png | false
4476.png | false
3457.png | false
1532.png | false
2985.png | false
717.png | false
1283.png | false
3494.png | false
703.png | false
1308.png | false
2601.png | false
4264.png | false
3523.png | false
38.png | false
878.png | false
3245.png | false
3251.png | true
4258.png | false
2629.png | false
2198.png | false
1485.png | false
111.png | false
4072.png | true
1650.png | true
3735.png | false
1644.png | false
1877.png | false
3912.png | true
1863.png | true
1693.png | false
307.png | false
475.png | true
1846.png | true
3089.png | false
4080.png | false
478.png | false
2383.png | false
336.png | false
322.png | false
2354.png | false
1885.png | false
3738.png | false
487.png | true
3704.png | true
1488.png | false
4296.png | false
646.png | false
2630.png | false
4241.png | false
875.png | false
1339.png | false
3248.png | false
2142.png | false
861.png | false
2624.png | true
3274.png | true
1463.png | false
2618.png | false
1311.png | false
2963.png | true
2744.png | false
2022.png | false
4447.png | false
2988.png | false
4321.png | false
2750.png | false
3466.png | false
1517.png | true
929.png | false
1098.png | false
256.png | false
1729.png | false
4137.png | false
2234.png | false
3102.png | false
1067.png | true
3670.png | false
2208.png | false
3671.png | false
1066.png | false
3103.png | false
2235.png | false
1728.png | true
3881.png | false
531.png | false
257.png | false
243.png | false
3856.png | false
1099.png | false
519.png | false
3315.png | true
1502.png | false
1516.png | false
4446.png | false
2751.png | true
2989.png | false
2745.png | false
2023.png | false
733.png | false
2962.png | true
1310.png | false
2619.png | false
3275.png | false
2143.png | false
2625.png | true
20.png | false
1338.png | false
2631.png | true
3249.png | false
653.png | false
1489.png | false
109.png | false
3705.png | false
486.png | true
1884.png | false
2355.png | false
323.png | true
3922.png | true
479.png | true
1853.png | false
2382.png | false
3088.png | false
1847.png | false
4081.png | false
3920.png | true
4083.png | false
1879.png | true
1886.png | false
484.png | false
3707.png | true
1104.png | false
1662.png | false
4295.png | false
645.png | false
889.png | false
862.png | false
22.png | false
2627.png | false
4256.png | false
2141.png | false
2633.png | true
4242.png | true
876.png | false
36.png | false
1312.png | false
2169.png | true
1460.png | false
692.png | false
725.png | true
4322.png | false
2753.png | false
2021.png | false
4450.png | false
3459.png | true
2747.png | true
902.png | true
1500.png | false
3317.png | false
1514.png | true
1272.png | false
3465.png | false
3854.png | true
3698.png | false
2237.png | false
1058.png | true
3883.png | false
3673.png | false
4108.png | true
3101.png | false
4109.png | true
3100.png | false
3672.png | true
1065.png | true
3882.png | false
2236.png | false
3128.png | false
1059.png | true
240.png | false
254.png | false
3699.png | false
3855.png | false
1515.png | false
3464.png | false
1273.png | false
3316.png | false
1501.png | false
2020.png | true
2746.png | false
3458.png | false
2752.png | false
4323.png | false
730.png | false
2949.png | true
2168.png | false
3276.png | false
1307.png | false
4243.png | false
2632.png | true
4257.png | false
2626.png | true
1449.png | false
2140.png | false
650.png | false
4294.png | true
1105.png | false
491.png | true
3706.png | false
1887.png | true
2356.png | false
1878.png | false
320.png | false
4082.png | false
2381.png | false
3921.png | false
3919.png | false
330.png | false
2385.png | false
318.png | true
1854.png | false
2391.png | false
481.png | false
3064.png | false
1673.png | false
4079.png | true
1101.png | false
4051.png | false
2420.png | false
2346.png | true
3058.png | false
2352.png | true
1883.png | true
640.png | false
2811.png | true
2839.png | false
3500.png | false
3272.png | false
1465.png | false
867.png | false
27.png | false
873.png | true
33.png | true
1459.png | false
2965.png | false
2781.png | true
2959.png | false
2018.png | true
4469.png | false
2030.png | true
2742.png | false
2024.png | false
250.png | false
2597.png | true
1920.png | false
278.png | false
3845.png | false
1061.png | false
2568.png | true
4119.png | true
1707.png | false
3104.png | false
3892.png | false
3886.png | false
2540.png | false
2227.png | true
3893.png | true
2233.png | false
4118.png | false
2569.png | false
1060.png | false
1706.png | false
2596.png | true
1921.png | false
537.png | false
251.png | false
2743.png | false
4332.png | false
4440.png | true
2031.png | false
4326.png | false
3461.png | false
1276.png | false
3307.png | false
2958.png | false
2780.png | false
709.png | false
2964.png | true
735.png | false
872.png | false
1458.png | true
1464.png | true
3273.png | false
3501.png | true
4285.png | false
2838.png | false
2810.png | false
1882.png | false
2353.png | false
1128.png | true
2421.png | false
4050.png | true
3059.png | true
2347.png | true
1100.png | false
494.png | true
4078.png | false
480.png | false
1672.png | false
3065.png | false
2390.png | false
1699.png | false
1855.png | false
2384.png | false
331.png | false
3918.png | true
325.png | false
333.png | false
441.png | false
2392.png | true
3098.png | false
2386.png | true
1857.png | false
3715.png | false
1102.png | false
2379.png | false
3067.png | true
1670.png | false
3729.png | false
2345.png | true
4052.png | false
2812.png | true
643.png | true
4287.png | true
4293.png | true
3271.png | true
1466.png | true
2635.png | false
4244.png | false
870.png | false
864.png | false
2966.png | true
2782.png | true
3488.png | false
1274.png | false
3463.png | true
3311.png | false
3339.png | false
4330.png | false
4324.png | false
253.png | true
1089.png | false
1923.png | false
509.png | false
3852.png | false
1062.png | true
3885.png | false
1738.png | false
3891.png | true
3649.png | false
1739.png | false
3648.png | false
3890.png | false
3884.png | false
1705.png | false
1063.png | false
1922.png | false
2595.png | false
3853.png | false
1088.png | false
534.png | false
246.png | true
4325.png | false
3338.png | false
905.png | true
4331.png | false
3310.png | false
3462.png | false
939.png | true
1275.png | false
3489.png | true
2783.png | false
736.png | true
722.png | false
2967.png | true
25.png | false
865.png | false
2634.png | false
19.png | false
695.png | false
4292.png | false
4286.png | false
642.png | false
656.png | false
2422.png | false
4053.png | true
3728.png | false
1671.png | false
3066.png | false
2378.png | false
483.png | false
1117.png | false
1103.png | false
497.png | true
3714.png | false
1856.png | false
468.png | false
326.png | false
1825.png | false
1831.png | false
3940.png | false
1819.png | false
341.png | true
4020.png | false
2451.png | false
1158.png | false
3029.png | false
2323.png | false
2445.png | false
1164.png | false
396.png | false
382.png | false
3767.png | false
2690.png | false
1399.png | false
619.png | false
2684.png | false
631.png | false
2647.png | false
4236.png | false
802.png | false
1428.png | false
2109.png | false
2082.png | true
4381.png | false
2928.png | false
1548.png | false
962.png | false
976.png | false
1574.png | false
3405.png | false
1212.png | false
4418.png | false
4197.png | false
1951.png | true
1789.png | true
1945.png | false
2294.png | true
547.png | false
235.png | true
553.png | false
2257.png | false
1038.png | true
4140.png | false
584.png | true
1010.png | true
4168.png | true
3161.png | false
3613.png | false
1005.png | false
3612.png | false
4169.png | false
3160.png | false
2256.png | true
1039.png | false
552.png | true
2295.png | true
1944.png | false
1788.png | false
1950.png | false
793.png | false
4419.png | false
1575.png | false
1213.png | true
3404.png | false
2054.png | true
1549.png | true
963.png | false
2929.png | false
4380.png | false
3389.png | false
2083.png | true
2108.png | true
1367.png | true
4237.png | false
1429.png | false
57.png | true
624.png | true
142.png | false
156.png | false
2685.png | true
1398.png | false
2691.png | false
383.png | false
3766.png | false
397.png | false
2322.png | true
2444.png | true
2450.png | false
4021.png | false
3028.png | true
426.png | false
1818.png | false
1830.png | false
3941.png | false
1824.png | true
3943.png | false
418.png | true
1832.png | false
1826.png | false
3758.png | false
3980.png | false
4023.png | false
3764.png | false
3016.png | false
2687.png | false
2693.png | false
632.png | true
4235.png | false
801.png | false
41.png | false
815.png | false
55.png | false
1371.png | true
2678.png | true
1403.png | false
3214.png | false
4382.png | true
2081.png | false
746.png | false
2903.png | false
2730.png | false
4355.png | false
2724.png | false
3406.png | false
785.png | false
1577.png | true
1946.png | false
2297.png | false
1952.png | true
3823.png | false
550.png | true
222.png | true
544.png | false
3638.png | false
3610.png | false
1007.png | false
1761.png | false
3176.png | true
2268.png | true
3162.png | true
587.png | false
3163.png | true
1006.png | false
3611.png | false
3177.png | false
1760.png | true
3639.png | false
545.png | false
3822.png | false
579.png | true
2296.png | false
1576.png | true
790.png | false
4354.png | true
960.png | true
2043.png | false
2080.png | false
4383.png | false
68.png | false
3573.png | false
1402.png | false
182.png | false
2679.png | true
1370.png | false
4234.png | true
155.png | false
627.png | false
2692.png | true
169.png | false
2686.png | true
394.png | false
3765.png | false
380.png | false
1614.png | false
4022.png | false
3981.png | false
3759.png | true
357.png | false
1827.png | false
419.png | false
3942.png | false
1833.png | false
347.png | false
2480.png | true
1823.png | false
1610.png | false
2319.png | false
3007.png | false
390.png | false
2325.png | false
2443.png | false
2331.png | true
145.png | false
637.png | true
2872.png | true
87.png | false
93.png | false
1406.png | false
3577.png | false
1360.png | false
2899.png | false
804.png | false
44.png | false
2655.png | false
743.png | true
2906.png | false
2090.png | true
2084.png | true
1200.png | false
3371.png | false
3403.png | false
1214.png | false
958.png | false
970.png | false
2053.png | false
2047.png | false
2721.png | false
555.png | false
541.png | false
1943.png | true
3832.png | false
569.png | false
3826.png | false
2286.png | false
1764.png | false
3615.png | false
1758.png | false
1980.png | true
2537.png | false
4146.png | false
1981.png | false
1759.png | false
4147.png | false
2536.png | false
1765.png | false
3827.png | true
2287.png | false
2293.png | false
1942.png | false
3833.png | false
232.png | false
2046.png | false
2720.png | false
4351.png | false
965.png | false
2052.png | true
1215.png | false
3402.png | false
3370.png | true
4392.png | true
2907.png | false
3.png | false
2654.png | false
805.png | false
2898.png | false
1407.png | true
1361.png | false
3576.png | false
2683.png | true
150.png | true
2867.png | false
2330.png | true
1639.png | true
2324.png | false
2442.png | false
391.png | true
3006.png | false
2318.png | false
385.png | false
1611.png | false
1177.png | true
408.png | false
1188.png | false
3947.png | false
2481.png | false
420.png | true
3979.png | false
344.png | false
3951.png | true
3789.png | false
3945.png | false
378.png | true
1834.png | true
393.png | false
4019.png | true
1613.png | true
2332.png | false
1149.png | true
2440.png | false
2326.png | false
3038.png | false
634.png | false
2871.png | true
152.png | false
3574.png | false
1405.png | false
3212.png | false
185.png | false
3560.png | false
53.png | false
2656.png | false
4227.png | false
4233.png | false
807.png | true
740.png | false
2905.png | false
4390.png | false
3399.png | true
4384.png | false
1217.png | true
3366.png | false
4353.png | false
2722.png | true
2044.png | false
2050.png | true
4421.png | false
3428.png | true
973.png | true
542.png | false
3825.png | false
3831.png | false
1798.png | false
3164.png | false
581.png | false
2508.png | false
3616.png | true
1767.png | false
1029.png | false
4145.png | true
4144.png | true
2535.png | false
1982.png | false
4178.png | true
3617.png | false
2509.png | false
1766.png | true
3830.png | false
1941.png | false
3824.png | false
225.png | true
4420.png | false
2051.png | true
3429.png | false
2723.png | false
4352.png | true
966.png | false
2045.png | false
796.png | true
782.png | false
1216.png | false
3367.png | true
4385.png | false
4391.png | false
3398.png | true
2904.png | false
4232.png | false
4226.png | false
2657.png | false
52.png | false
812.png | false
3561.png | false
1362.png | false
3575.png | false
3213.png | false
1404.png | false
85.png | false
91.png | false
2694.png | false
621.png | false
2870.png | false
635.png | false
153.png | true
2441.png | false
4030.png | false
1148.png | false
3039.png | false
2327.png | true
2333.png | false
4024.png | false
3763.png | false
3005.png | false
386.png | true
1612.png | false
3944.png | false
3788.png | false
3950.png | true
3978.png | false
423.png | false
